{
  "hash": "3b14f07b",
  "configHash": "b471c539",
  "lockfileHash": "80f10167",
  "browserHash": "2aeefcdd",
  "optimized": {
    "@angular/common": {
      "src": "../../../../../../node_modules/@angular/common/fesm2022/common.mjs",
      "file": "@angular_common.js",
      "fileHash": "c3a5d033",
      "needsInterop": false
    },
    "@angular/common/http": {
      "src": "../../../../../../node_modules/@angular/common/fesm2022/http.mjs",
      "file": "@angular_common_http.js",
      "fileHash": "75d3d7f2",
      "needsInterop": false
    },
    "@angular/core": {
      "src": "../../../../../../node_modules/@angular/core/fesm2022/core.mjs",
      "file": "@angular_core.js",
      "fileHash": "23f939ff",
      "needsInterop": false
    },
    "@angular/platform-browser": {
      "src": "../../../../../../node_modules/@angular/platform-browser/fesm2022/platform-browser.mjs",
      "file": "@angular_platform-browser.js",
      "fileHash": "2ba4ff2d",
      "needsInterop": false
    },
    "@angular/platform-browser/animations": {
      "src": "../../../../../../node_modules/@angular/platform-browser/fesm2022/animations.mjs",
      "file": "@angular_platform-browser_animations.js",
      "fileHash": "ffeaf7cf",
      "needsInterop": false
    },
    "@angular/router": {
      "src": "../../../../../../node_modules/@angular/router/fesm2022/router.mjs",
      "file": "@angular_router.js",
      "fileHash": "f2d9e933",
      "needsInterop": false
    },
    "@azure/msal-angular": {
      "src": "../../../../../../node_modules/@azure/msal-angular/fesm2020/azure-msal-angular.mjs",
      "file": "@azure_msal-angular.js",
      "fileHash": "282dffea",
      "needsInterop": false
    },
    "@azure/msal-browser": {
      "src": "../../../../../../node_modules/@azure/msal-browser/dist/index.mjs",
      "file": "@azure_msal-browser.js",
      "fileHash": "956b90f3",
      "needsInterop": false
    },
    "rxjs": {
      "src": "../../../../../../node_modules/rxjs/dist/esm5/index.js",
      "file": "rxjs.js",
      "fileHash": "5bc45c31",
      "needsInterop": false
    },
    "rxjs/operators": {
      "src": "../../../../../../node_modules/rxjs/dist/esm5/operators/index.js",
      "file": "rxjs_operators.js",
      "fileHash": "b1d58533",
      "needsInterop": false
    }
  },
  "chunks": {
    "BrowserPerformanceMeasurement-KBB6HKI3": {
      "file": "BrowserPerformanceMeasurement-KBB6HKI3.js"
    },
    "chunk-ROW3JQEB": {
      "file": "chunk-ROW3JQEB.js"
    },
    "chunk-IE7X7IJ4": {
      "file": "chunk-IE7X7IJ4.js"
    },
    "chunk-WP5RDC7I": {
      "file": "chunk-WP5RDC7I.js"
    },
    "chunk-74XLJZHU": {
      "file": "chunk-74XLJZHU.js"
    },
    "chunk-W5OOGRMZ": {
      "file": "chunk-W5OOGRMZ.js"
    },
    "chunk-XXP427N7": {
      "file": "chunk-XXP427N7.js"
    },
    "chunk-IYHCSJNC": {
      "file": "chunk-IYHCSJNC.js"
    },
    "chunk-PEBH6BBU": {
      "file": "chunk-PEBH6BBU.js"
    },
    "chunk-OQJ6LEW4": {
      "file": "chunk-OQJ6LEW4.js"
    },
    "chunk-5CL7ZVVJ": {
      "file": "chunk-5CL7ZVVJ.js"
    },
    "chunk-WPM5VTLQ": {
      "file": "chunk-WPM5VTLQ.js"
    },
    "chunk-4S3KYZTJ": {
      "file": "chunk-4S3KYZTJ.js"
    },
    "chunk-35ENWJA4": {
      "file": "chunk-35ENWJA4.js"
    }
  }
}