{
    "Sample": {
      "Title": "An Angular single-page application that authenticates users with Azure AD and calls a protected ASP.NET Core web API",
      "Level": 200,
      "Client": "Angular SPA",
      "Service": ".NET Core web API",
      "RepositoryUrl": "ms-identity-javascript-angular-spa-aspnetcore-webapi",
      "Endpoint": "AAD v2.0"
    },
    "AADApps": [
      {
        "Id": "service",
        "Name": "TodoListAPI",
        "Kind": "WebApi",
        "Audience": "AzureADMyOrg",
        "HomePage": "https://localhost:44351/api/todolist/"        
      },
      {
        "Id": "client",
        "Name": "TodoListSPA",
        "Kind": "SinglePageApplication",
        "Audience": "AzureADMyOrg",
        "HomePage": "http://localhost:4200/",
        "ReplyUrls": "http://localhost:4200/",
        "RequiredResourcesAccess": [
          {
            "Resource": "service",
            "DelegatedPermissions": [ "access_as_user" ]
          }
        ],
        "ManualSteps": [
          {
            "Comment":  "Navigate to the portal and set the 'replyUrlsWithType' to 'Spa' in the application manifest"
          }
        ]
      }
    ],
    "CodeConfiguration": [
      {
        "App": "service",
        "SettingKind": "Replace",
        "SettingFile": "\\..\\TodoListAPI\\appsettings.json",
        "Mappings": [
          {
            "key": "Enter the domain of your Azure AD tenant, e.g. 'contoso.onmicrosoft.com'",
            "value": "$tenantName"
          },
          {
            "key": "Enter the Client ID (aka 'Application ID')",
            "value": "service.AppId"
          },
          {
            "key": "Enter the tenant ID",
            "value": "$tenantId"
          }
        ]
      },
  
      {
        "App": "client",
        "SettingKind": "Replace",
        "SettingFile": "\\..\\TodoListSPA\\src\\app\\auth-config.json",
        "Mappings": [
          {
            "key": "Enter the Client ID (aka 'Application ID')",
            "value": "client.AppId"
          },
          {
            "key": "Enter the tenant ID",
            "value": "$tenantId"
          },
          {
            "key": "Enter the Redirect URI that you set on Azure Portal, e.g. http://localhost:4200",
            "value": "client.ReplyUrls"
          },
          {
            "key": "Enter the URI that you wish the app to redirect to after logout, e.g. http://localhost:4200",
            "value": "client.HomePage"
          },
          {
            "key": "Enter the endpoint address of TodoList web API, e.g. https://localhost:44351/api/todolist",
            "value": "service.HomePage"
          },
          {
            "key": "Enter the API scopes as declared in the app registration 'Expose an API' blade in the form of 'api://{service-clientId}/access_as_user'",
            "value": "service.Scope"
          }
        ]
      }
    ]
  }