{
  "hash": "11eb76a9",
  "configHash": "2285d33a",
  "lockfileHash": "55a3db3f",
  "browserHash": "3c67e0fe",
  "optimized": {
    "@angular/common": {
      "src": "../../../../../../node_modules/@angular/common/fesm2022/common.mjs",
      "file": "@angular_common.js",
      "fileHash": "62f7a324",
      "needsInterop": false
    },
    "@angular/common/http": {
      "src": "../../../../../../node_modules/@angular/common/fesm2022/http.mjs",
      "file": "@angular_common_http.js",
      "fileHash": "713a59cc",
      "needsInterop": false
    },
    "@angular/core": {
      "src": "../../../../../../node_modules/@angular/core/fesm2022/core.mjs",
      "file": "@angular_core.js",
      "fileHash": "b800ded8",
      "needsInterop": false
    },
    "@angular/platform-browser": {
      "src": "../../../../../../node_modules/@angular/platform-browser/fesm2022/platform-browser.mjs",
      "file": "@angular_platform-browser.js",
      "fileHash": "52d7a8dd",
      "needsInterop": false
    },
    "@angular/router": {
      "src": "../../../../../../node_modules/@angular/router/fesm2022/router.mjs",
      "file": "@angular_router.js",
      "fileHash": "450bd8b5",
      "needsInterop": false
    },
    "@azure/msal-angular": {
      "src": "../../../../../../node_modules/@azure/msal-angular/fesm2020/azure-msal-angular.mjs",
      "file": "@azure_msal-angular.js",
      "fileHash": "466601d4",
      "needsInterop": false
    },
    "@azure/msal-browser": {
      "src": "../../../../../../node_modules/@azure/msal-browser/dist/index.mjs",
      "file": "@azure_msal-browser.js",
      "fileHash": "36cef508",
      "needsInterop": false
    }
  },
  "chunks": {
    "chunk-OQJ6LEW4": {
      "file": "chunk-OQJ6LEW4.js"
    },
    "chunk-N5X74Z3Z": {
      "file": "chunk-N5X74Z3Z.js"
    },
    "chunk-AB5GJVJK": {
      "file": "chunk-AB5GJVJK.js"
    },
    "chunk-CEJWAZVU": {
      "file": "chunk-CEJWAZVU.js"
    },
    "chunk-RSIVJ62M": {
      "file": "chunk-RSIVJ62M.js"
    },
    "chunk-GL37G6XC": {
      "file": "chunk-GL37G6XC.js"
    },
    "chunk-HR7ME26K": {
      "file": "chunk-HR7ME26K.js"
    },
    "BrowserPerformanceMeasurement-KBB6HKI3": {
      "file": "BrowserPerformanceMeasurement-KBB6HKI3.js"
    },
    "chunk-5CL7ZVVJ": {
      "file": "chunk-5CL7ZVVJ.js"
    },
    "chunk-35ENWJA4": {
      "file": "chunk-35ENWJA4.js"
    }
  }
}